Key,English(en),French(fr),Italian(it),Spanish(es),German(de),Polish(pl),Portuguese(pt),Japanese(ja),Chinese (Traditional)(zh-Hant),Chinese (Simplified)(zh-Hans),Korean(ko),Russian(ru)
hint_level_2,"This tile combination is nicknamed ""Mystic"" in the paper.","Cette combinaison de tuiles a reçu le surnom de « Mystic » dans l'article.","Questa combinazione di tessere è soprannominata «Mystic» nel paper.","Esta combinación de piezas recibe el apodo de «Mystic» en el artículo.","Diese Kachelkombination trägt in der Veröffentlichung den Spitznamen „Mystic”.","Ta kombinacja kafelków w artykule naukowym nosi przydomek „Mystic”.","Esta combinação de peças é apelidada de «Mystic» no artigo.","このタイルの組合せは論文内でMysticという愛称がつけられています。","這個磁磚組合在論文中被暱稱為「Mystic」。","这个瓷砖组合在论文中被昵称为""Mystic""。","이 타일 조합은 논문에서 Mystic이라는 애칭이 붙여져 있습니다.","Эта комбинация плиток в статье получила прозвище «Mystic»."
hint_level_7,"This is an important cluster necessary for aperiodic tiling.","Il s'agit d'un cluster important nécessaire au pavage apériodique.","Questo è un cluster importante necessario per la tassellatura aperiodica.","Este es un clúster importante necesario para el teselado aperiódico.","Dies ist ein wichtiger Cluster, der für die aperiodische Kachelung notwendig ist.","To ważny klaster niezbędny do aperiodycznego teselowania.","Este é um cluster importante necessário para o mosaico aperiódico.","これは非周期的敷き詰めのために必要な重要なクラスターです。","這是非週期性鋪磚所需的重要群集。","这是非周期性铺砖所需的重要簇。","이것은 비주기적 타일링에 필요한 중요한 클러스터입니다.","Это важный кластер, необходимый для апериодического мозаичного заполнения."
hint_level_8,"This is also an important cluster necessary for aperiodic tiling.","Il s'agit également d'un cluster important nécessaire au pavage apériodique.","Anche questo è un cluster importante necessario per la tassellatura aperiodica.","Este también es un clúster importante necesario para el teselado aperiódico.","Dies ist ebenfalls ein wichtiger Cluster, der für die aperiodische Kachelung notwendig ist.","To również ważny klaster niezbędny do aperiodycznego teselowania.","Este também é um cluster importante necessário para o mosaico aperiódico.","これも非周期的敷き詰めのために必要な重要なクラスターです。","這也是非週期性鋪磚所需的重要群集。","这也是非周期性铺砖所需的重要簇。","이것도 비주기적 타일링에 필요한 중요한 클러스터입니다.","Это также важный кластер, необходимый для апериодического мозаичного заполнения."
hint_level_11,"Is it tedious to click the bottom-right tile to place it? Press the C key over an already-placed tile to copy it.","Vous trouvez fastidieux de cliquer sur la tuile en bas à droite pour la placer ? Appuyez sur C au-dessus d'une tuile déjà posée pour la copier.","È noioso fare clic sulla tessera in basso a destra per posizionarla? Premi il tasto C sopra una tessera già posizionata per copiarla.","¿Te resulta tedioso hacer clic en la pieza inferior derecha para colocarla? Pulsa la tecla C sobre una pieza ya colocada para copiarla.","Ist es lästig, die Kachel unten rechts anzuklicken, um sie zu platzieren? Drücke C über einer bereits platzierten Kachel, um sie zu kopieren.","Czy klikanie kafelka w prawym dolnym rogu w celu jego umieszczenia jest uciążliwe? Naciśnij C nad już umieszczonym kafelkiem, aby go skopiować.","É tedioso clicar na peça no canto inferior direito para colocá-la? Pressione a tecla C sobre uma peça já colocada para copiá-la.","右下のタイルをクリックして配置するのが面倒ですか？　配置済みのタイルの上でcキーを押すとコピーできます。","覺得點擊右下角的磁磚來放置很麻煩嗎？在已放置的磁磚上按下 C 鍵即可複製。","觉得点击右下角的瓷砖来放置很麻烦吗？在已放置的瓷砖上按下 C 键即可复制。","오른쪽 하단의 타일을 클릭해서 배치하는 게 번거롭나요? 배치된 타일 위에서 C 키를 누르면 복사할 수 있습니다.","Вам надоело нажимать на плитку в правом нижнем углу, чтобы её разместить? Нажмите C над уже размещённой плиткой, чтобы скопировать её."
hint_level_17,"Hold Ctrl and scroll the mouse wheel to reposition the camera. First, get an overview of the entire puzzle. Hold Ctrl and drag to select tiles in an area. Then press C to copy or X to cut.","Maintenez Ctrl enfoncé et faites défiler la molette de la souris pour déplacer la caméra. Commencez par avoir une vue d'ensemble du puzzle. Maintenez Ctrl enfoncé et faites glisser pour sélectionner des tuiles dans une zone. Ensuite, appuyez sur C pour copier ou X pour couper.","Tieni premuto Ctrl e scorri la rotella del mouse per spostare la telecamera. Prima di tutto, osserva l'intero puzzle dall'alto. Tieni premuto Ctrl e trascina per selezionare le tessere in un'area. Poi premi C per copiare o X per tagliare.","Mantén pulsado Ctrl y desplaza la rueda del ratón para mover la cámara. Primero, echa un vistazo general a todo el puzzle. Mantén pulsado Ctrl y arrastra para seleccionar piezas en un área. Luego pulsa C para copiar o X para cortar.","Halte Ctrl gedrückt und scrolle mit dem Mausrad, um die Kamera zu verschieben. Verschaffe dir zunächst einen Überblick über das gesamte Puzzle. Halte Ctrl gedrückt und ziehe, um Kacheln in einem Bereich auszuwählen. Drücke dann C zum Kopieren oder X zum Ausschneiden.","Przytrzymaj Ctrl i przewiń kółko myszy, aby przesunąć kamerę. Najpierw spójrz na całą układankę z góry. Przytrzymaj Ctrl i przeciągnij, aby zaznaczyć kafelki w obszarze. Następnie naciśnij C, aby skopiować, lub X, aby wyciąć.","Segure Ctrl e role a roda do mouse para mover a câmera. Primeiro, tenha uma visão geral de todo o puzzle. Segure Ctrl e arraste para selecionar peças em uma área. Em seguida, pressione C para copiar ou X para recortar.","ctrlキーを押しながらマウスホイールでカメラの位置を変更できます。まずはパズル全体を俯瞰してみましょう。ctrlキーを押しながらドラッグすることによってタイルを範囲選択できます。その後、cキーを押すとコピー、xキーを押すと切り取りができます。","按住 Ctrl 鍵並滾動滑鼠滾輪可以移動鏡頭。先來俯瞰整個拼圖吧。按住 Ctrl 鍵並拖曳可以範圍選取磁磚。之後按 C 鍵可複製，按 X 鍵可剪下。","按住 Ctrl 键并滚动鼠标滚轮可以移动镜头。先来俯瞰整个拼图吧。按住 Ctrl 键并拖拽可以范围选择瓷砖。之后按 C 键可复制，按 X 键可剪切。","Ctrl 키를 누른 채 마우스 휠을 스크롤하면 카메라 위치를 변경할 수 있습니다. 먼저 퍼즐 전체를 조망해 봅시다. Ctrl 키를 누른 채 드래그하면 타일을 범위 선택할 수 있습니다. 그 후 C 키를 누르면 복사, X 키를 누르면 잘라내기를 할 수 있습니다.","Удерживайте Ctrl и прокручивайте колесо мыши, чтобы переместить камеру. Для начала окиньте взглядом весь пазл целиком. Удерживайте Ctrl и перетащите, чтобы выделить плитки в области. Затем нажмите C для копирования или X для вырезания."
hint_level_22,"This group of tiles has rotational symmetry, yet it exists within an aperiodic tiling.","Ce groupe de tuiles possède une symétrie de rotation, mais il existe au sein d'un pavage apériodique.","Questo gruppo di tessere ha simmetria rotazionale, eppure esiste all'interno di una tassellatura aperiodica.","Este grupo de piezas tiene simetría rotacional, pero existe dentro de un teselado aperiódico.","Diese Kachelgruppe besitzt Rotationssymmetrie, existiert aber innerhalb einer aperiodischen Kachelung.","Ta grupa kafelków ma symetrię obrotową, ale istnieje w ramach aperiodycznego teselowania.","Este grupo de peças tem simetria rotacional, mas existe dentro de um mosaico aperiódico.","このタイル群は回転対称ですが、非周期的な敷き詰めの中に存在するタイル群です。","這組磁磚具有旋轉對稱性，卻存在於非週期性鋪磚之中。","这组瓷砖具有旋转对称性，却存在于非周期性铺砖之中。","이 타일 군은 회전 대칭을 가지지만 비주기적인 타일링 속에 존재하는 타일 군입니다.","Эта группа плиток обладает вращательной симметрией, однако существует в рамках апериодического мозаичного заполнения."
hint_level_23,"Doesn't this group of tiles look like a hexagon? Hexagons play an important role in the aperiodic tiling of the Spectre.","Ce groupe de tuiles ne ressemble-t-il pas à un hexagone ? Les hexagones jouent un rôle important dans le pavage apériodique du Spectre.","Questo gruppo di tessere non sembra un esagono? Gli esagoni svolgono un ruolo importante nella tassellatura aperiodica dello Spectre.","¿No te parece que este grupo de piezas tiene forma de hexágono? Los hexágonos desempeñan un papel importante en el teselado aperiódico del Spectre.","Sieht diese Kachelgruppe nicht wie ein Hexagon aus? Hexagone spielen eine wichtige Rolle in der aperiodischen Kachelung des Spectre.","Czy ta grupa kafelków nie wygląda jak sześciokąt? Sześciokąty odgrywają ważną rolę w aperiodycznym teselowaniu Spectre.","Este grupo de peças não parece um hexágono? Os hexágonos desempenham um papel importante no mosaico aperiódico do Spectre.","このタイル群は六角形に見えませんか？六角形はSpectreの非周期的な敷き詰めで重要な役割を果たしています。","這組磁磚看起來像六邊形嗎？六邊形在 Spectre 的非週期性鋪磚中扮演著重要角色。","这组瓷砖看起来像六边形吗？六边形在 Spectre 的非周期性铺砖中扮演着重要角色。","이 타일 군이 육각형처럼 보이지 않나요? 육각형은 Spectre의 비주기적 타일링에서 중요한 역할을 합니다.","Не напоминает ли эта группа плиток шестиугольник? Шестиугольники играют важную роль в апериодическом мозаичном заполнении Spectre."
hint_level_31,"This may be a familiar puzzle for those who have played the previous game. With mirrored tiles, tilings like Hat or Turtle are also possible. Try experiencing in this game what happens as generations progress.","Cette énigme sera peut-être familière à ceux qui ont joué au jeu précédent. Avec des tuiles retournées, des pavages tels que Hat ou Turtle sont également possibles. Découvrez dans ce jeu ce qui se passe au fil des générations.","Questo puzzle potrebbe essere familiare a chi ha giocato al gioco precedente. Con le tessere specchiate, sono possibili anche tassellature come Hat o Turtle. Scopri in questo gioco cosa accade man mano che le generazioni si susseguono.","Este puzle puede resultarle familiar a quienes hayan jugado al juego anterior. Con piezas volteadas, también son posibles teselados como Hat o Turtle. Descubre en este juego qué ocurre a medida que avanzan las generaciones.","Dieses Rätsel könnte Spielern, die das vorherige Spiel gespielt haben, vertraut sein. Mit gespiegelten Kacheln sind auch Kachelungen wie Hat oder Turtle möglich. Erlebe in diesem Spiel, was passiert, wenn Generationen vergehen.","Ta zagadka może być znajoma osobom, które grały w poprzednią grę. Przy użyciu odwróconych kafelków możliwe są również teselowania takie jak Hat czy Turtle. Doświadcz w tej grze, co się dzieje w miarę upływu pokoleń.","Este puzzle pode ser familiar para quem jogou o jogo anterior. Com peças espelhadas, pavimentos como Hat ou Turtle também são possíveis. Experiencie neste jogo o que acontece à medida que as gerações se sucedem.","前作をプレイしたことがある人にはなじみ深い問題かもしれません。反転タイルを使用すれば、HatやTurtleのような平面充填も可能です。世代を重ねると何が起こるか、このゲームで体験してみてください。","玩過前作的人可能對此感到熟悉。使用翻轉磁磚，也可以實現像 Hat 或 Turtle 那樣的平面充填。請在這個遊戲中體驗世代更替後會發生什麼。","玩过前作的人可能对此感到熟悉。使用翻转瓷砖，也可以实现像 Hat 或 Turtle 那样的平面填充。请在这个游戏中体验世代递进后会发生什么。","전작을 플레이한 사람에게는 익숙한 문제일 수 있습니다. 반전 타일을 사용하면 Hat이나 Turtle 같은 평면 충전도 가능합니다. 세대를 거듭하면 어떤 일이 일어나는지 이 게임에서 체험해 보세요.","Эта головоломка может быть знакома тем, кто играл в предыдущую игру. С зеркальными плитками возможны мозаики, подобные Hat или Turtle. Попробуйте в этой игре, что происходит по мере смены поколений."
hint_level_32,"Press the palette button to color tiles. Use colors to improve visibility.","Appuyez sur le bouton de la palette pour colorier les tuiles. Utilisez les couleurs pour améliorer la lisibilité.","Premi il pulsante della tavolozza per colorare le tessere. Usa i colori per migliorare la visibilità.","Pulsa el botón de la paleta para colorear las piezas. Usa los colores para mejorar la visibilidad.","Drücke die Schaltfläche für die Palette, um Kacheln einzufärben. Verwende Farben, um die Übersichtlichkeit zu verbessern.","Naciśnij przycisk palety, aby pokolorować kafelki. Użyj kolorów, aby poprawić widoczność.","Pressione o botão de paleta para colorir as peças. Use as cores para melhorar a visibilidade.","パレットボタンを押すとタイルを色付けできます。色付けして視認性を高めましょう。","按下調色盤按鈕可以為磁磚上色。利用顏色來提高辨識度吧。","按下调色板按钮可以为瓷砖上色。利用颜色来提高辨识度吧。","팔레트 버튼을 누르면 타일에 색을 칠할 수 있습니다. 색을 칠해 가독성을 높여봅시다.","Нажмите кнопку палитры, чтобы раскрасить плитки. Используйте цвета для повышения наглядности."
